label,obs_diff,ci_lo,ci_hi,significant
Garlic Cooked,0.1603438420142862,-0.048301121850038604,0.38587356016113833,False
Ice Cream Regular Flavors,0.1540182210682557,0.0017562211338653148,0.3197111000901377,True
Carbonated Water Unsweetened,0.13991999517544773,-0.055922621041568144,0.340072973773473,False
Rice Brown Cooked Fat,0.1363361454696153,-0.04872678675296308,0.31936691317369054,False
Kale Cooked From Fresh,0.13311521075554944,-0.04660360615309187,0.306866563926007,False
Wine Table White,0.13219916241215354,-0.0594199563114958,0.3514264877735628,False
Almond Butter,0.12116216204957003,-0.1123867166920153,0.33623159335199015,False
Orange Juice Canned Bottled,0.11588660340976178,-0.022222452227134013,0.2417933432551549,False
Nut Mixture With Dried,0.10839296109587311,-0.12316605027483306,0.3351602809293548,False
Oats Raw,0.10407791881116107,-0.18146470752383462,0.3699871185205294,False
Onions Mature Raw,0.10224771472571724,-0.03298189922429963,0.23999854147072827,False
Cheese,0.09362251804086237,-0.07013199156639295,0.24420162135927412,False
Peanut Butter,0.08466979001575234,-0.06647308910980552,0.24247938982609168,False
Date,0.08213637347024479,-0.12074236431029328,0.27487385171776435,False
Sugar White Granulated Or,0.0811173661102955,-0.06204506599843397,0.2279686073277893,False
Coffee Made From Ground,0.0735813827438143,-0.017166296471353194,0.16492333968903483,False
Walnuts,0.07121199384256274,-0.2715042201295804,0.32313693827337125,False
Milk Cows Fluid 2,0.0709162103286158,-0.06808112159555772,0.21201388954260253,False
Avocado Raw,0.0696842294336373,-0.07046561607715433,0.19816050070031965,False
Chicken Breast Roasted Broiled,0.06842376841476235,-0.17743410902415047,0.2840830409206631,False
Wine Table Red,0.06457821908407464,-0.09385155773501978,0.23593647967922418,False
Apple Raw,0.05757464927355696,-0.06052712438180703,0.17919863264967392,False
Bread Multigrain,0.056228941879946134,-0.13325455477938153,0.25305130371871326,False
Peanuts Roasted Without Salt,0.051472302608735476,-0.1543152900368246,0.24306266898315054,False
Tangerine Raw,0.050160633900586525,-0.09799687341841698,0.22505173479169457,False
Tomatoes Raw,0.0494682889871573,-0.051888891410977876,0.14959867448536035,False
White Potato Chips Regular,0.04536483943107614,-0.10938055558068994,0.2093184560818215,False
Endive Chicory Escarole Or,0.043945394114607704,-0.13065463476064626,0.2083799700995782,False
Blueberries Raw,0.04287379163194444,-0.08476396616070674,0.158387757428424,False
Chocolate Sweet Or Dark,0.0424342495408803,-0.061763599355391996,0.14991221506425773,False
Almonds Unroasted,0.03488350709829024,-0.13827581770658723,0.1970969848243823,False
Pepper Sweet Green Raw,0.03142572348639352,-0.14080516261298862,0.19217791412306898,False
Brussels Sprouts Cooked From,0.02946685292635443,-0.2310587405361522,0.3083452125266652,False
Tea Herbal,0.029194145133434653,-0.09982293483257579,0.1506907549695967,False
Mustard,0.024766162834201407,-0.2394158954615146,0.317506621078283,False
Cheese Cheddar,0.020534088654780753,-0.08603059362401308,0.141355509139217,False
Cheese Parmesan Hard,0.017396621077698116,-0.14794473495383242,0.18946299955755594,False
Milk Almond Ready To,0.015092720971317407,-0.18333300597737232,0.23763659015384267,False
Italian Dressing Made With,0.014545687370150755,-0.1301936256415162,0.15410135253137675,False
Butter Stick Salted,0.014304678097745422,-0.14065447059214883,0.18554222828096312,False
Tomato Catsup,0.012181219502969893,-0.14098344156765993,0.16725840774583128,False
Salty Snacks Corn Or,0.004548358457861727,-0.14266867645015135,0.18237574228676362,False
Water Bottled Unsweetened,0.004401938462372898,-0.12779151058222316,0.1331561531940147,False
Egg Whole Boiled Or,-0.00030774255608353123,-0.13611789211268777,0.14561878797593986,False
Pumpkin Andor Squash Seeds,-0.0030770481926820515,-0.2350109769153988,0.19029663298444224,False
Water Tap,-0.0038812255290461397,-0.1041435329836341,0.10659898100503051,False
Egg Whole Fried With,-0.007106194386395126,-0.18065201228243163,0.16460388760302228,False
Banana Raw,-0.007795257811132656,-0.129703058776946,0.10924091426261187,False
Egg Omelet Or Scrambled,-0.008692248928630372,-0.1891284683880158,0.21342886894110435,False
Lettuce Arugula Raw,-0.009868440139111275,-0.16698082880293022,0.1476840552525226,False
Milk Cows Fluid Skim,-0.010107518127597496,-0.19305135372107407,0.22365584817570455,False
Lemon Juice Freshly Squeezed,-0.01147273423050692,-0.12781702608401296,0.10129388328171603,False
Carrots Raw,-0.019301870660646918,-0.14098857718859603,0.09347714496776047,False
Olive Oil,-0.020794848520332667,-0.1962001482494664,0.14432960165746722,False
Milk Cows Fluid Whole,-0.023565811020991267,-0.17333589151088155,0.1161901189422382,False
Spinach Raw,-0.023612295797989968,-0.27121846174668296,0.193490490862953,False
Bagel,-0.025087934545475803,-0.18529903057669994,0.14825716627106908,False
Onions Mature Cooked Or,-0.02519847927821415,-0.25956283777242334,0.19895111025652554,False
Cucumber Raw,-0.02745437120991663,-0.1640853412306363,0.09390782678545861,False
Cucumber Pickles Dill,-0.03503642480854466,-0.1915956159923444,0.12077159976041192,False
Cream Half And Half,-0.036985091195389536,-0.14752387629069091,0.07166795145421931,False
Celery Raw,-0.04650569581458813,-0.24874933085169312,0.147164718475048,False
Bread Whole Wheat Ns,-0.051026793372202776,-0.2992663170330009,0.20164667762773253,False
Rice White Cooked Fat,-0.05297129411105737,-0.2504136610132578,0.1382724528726036,False
Guacamole,-0.06527214559987692,-0.24457800673513896,0.1762978831028478,False
Orange Raw,-0.068956265426964,-0.20118709441052984,0.05215294708835346,False
Mayonnaise Regular,-0.06994063237760804,-0.2217993589472115,0.07698714453683217,False
Beer,-0.08684438419851037,-0.22688456610750343,0.058562924657363916,False
Honey,-0.09244262541672331,-0.24962663425962536,0.06959312775462002,False
Tea Leaf Unsweetened,-0.09553381277234411,-0.2448930485190008,0.044465660560386554,False
Lettuce Raw,-0.09566313181588182,-0.25221783428909367,0.04487908661869346,False
Salsa Red Commercially Prepared,-0.097163147500081,-0.20870814069656524,0.01885415842374715,False
Milk,-0.10799371379324955,-0.2747601383176815,0.044028563083789975,False
Mixed Salad Greens Raw,-0.13073456190357682,-0.3223019515575434,0.04556384970336847,False
Coffee Made From Powdered,-0.13108250101282115,-0.2697108580604053,0.007887126927099922,False
Strawberries Raw,-0.1635428845212023,-0.4996660986908877,0.13527578916614477,False
Cilantro Raw,-0.16764157448005887,-0.3237401171797442,-0.019281505685756935,True
